Iteration;Experiment;Strategy;Routing;Defense;ReconfigTime;Total Links Added;Links Added;Total Flux Links;Total Links Dropped;Links Dropped;Congestion;Loss;Throughput;Link Bandwidth Coefficient;Demand Factor;
1;Comcast_mcf-TBE-Comcast-background-plus-flashcrowd-0.5_0__-mcf;-mcf TBE;MCF;TBE;0;0;[];0;0;[];1.663287;0.276352;0.723648;1;0.816673;
1;Comcast_mcf-TE-Comcast-background-plus-flashcrowd-0.7_0__-mcf;2;Comcast_semimcfraekeft-greylambda-Comcast-background-1.1_2__-semimcfraekeft;-semimcfraekeft greylambda;SEMIMCFRAEKEFT;greylambda;0;0;[];43;0;[];1.666084;0.231773;0.768134;1;1.3314103;
1;Comcast_semimcfraekeft-TBE-Comcast-background-0.3_0__-semimcfraekeft;-semimcfraekeft TBE;SEMIMCFRAEKEFT;TBE;0;0;[];0;0;[];0.564902;0.0;0.999952;1;0.3631119;
2;Comcast_mcf-greylambda-Comcast-background-plus-flashcrowd-0.4_2__-mcf;-mcf greylambda;MCF;greylambda;0;0;[];16;0;[];0.790998;0.0;1.0;1;0.6533384;
1;Comcast_semimcfraekeft-TE-Comcast-background-plus-flashcrowd-0.9_0__-semimcfraekeft;-semimcfraekeft TE;SEMIMCFRAEKEFT;TE;0;0;[];0;0;[];4.432217;0.591184;0.408754;1;1.4700114;
2;Comcast_semimcfraekeft-greylambda-Comcast-background-plus-flashcrowd-0.5_2__-semimcfraekeft;-semimcfraekeft greylambda;SEMIMCFRAEKEFT;greylambda;0;0;[];27;0;[];2.473959;0.385171;0.614662;1;0.816673;
1;Comcast_mcf-TE-Comcast-background-plus-flashcrowd-0.8_0__-mcf;-mcf TE;MCF;TE;0;0;[];0;0;[];2.129007;0.400027;0.599973;1;1.3066768;
1;Comcast_mcf-greylambda-Comcast-background-1.2_2__-mcf;2;Comcast_semimcfraekeft-greylambda-Comcast-background-1.3_2__-semimcfraekeft;-semimcfraekeft greylambda;SEMIMCFRAEKEFT;greylambda;0;0;[];0;0;[];1.946566;0.387265;0.612661;1;1.5734849;
1;Comcast_mcf-TBE-Comcast-background-plus-flashcrowd-1.3_0__-mcf;-mcf TBE;MCF;TBE;0;0;[];0;0;[];4.324546;0.647283;0.352717;1;2.1233498;
1;Comcast_semimcfraekeft-TE-Comcast-background-1.4_0__-semimcfraekeft;-semimcfraekeft TE;SEMIMCFRAEKEFT;TE;0;0;[];0;0;[];2.136029;0.447092;0.552804;1;1.6945221999999998;
1;Comcast_mcf-TBE-Comcast-background-1.0_0__-mcf;-mcf TBE;MCF;TBE;0;0;[];0;0;[];1.25;0.136718;0.863282;1;1.210373;
2;Comcast_mcf-greylambda-Comcast-background-plus-flashcrowd-0.6_2__-mcf;-mcf greylambda;MCF;greylambda;0;0;[];37;0;[];1.074394;0.042461;0.957539;1;0.9800076;
1;Comcast_mcf-TE-Comcast-background-0.7_0__-mcf;1;Comcast_mcf-TBE-Comcast-background-plus-flashcrowd-0.4_0__-mcf;1;Comcast_semimcfraekeft-TE-Comcast-background-0.2_0__-semimcfraekeft;-semimcfraekeft TE;SEMIMCFRAEKEFT;TE;0;0;[];0;0;[];0.292003;0.0;0.999956;1;0.2420746;
1;Comcast_semimcfraekeft-TE-Comcast-background-plus-flashcrowd-1.1_0__-semimcfraekeft;-semimcfraekeft TE;SEMIMCFRAEKEFT;TE;0;0;[];0;0;[];5.053832;0.659373;0.340508;1;1.7966806000000002;
1;Comcast_semimcfraekeft-TBE-Comcast-background-plus-flashcrowd-0.8_0__-semimcfraekeft;-semimcfraekeft TBE;SEMIMCFRAEKEFT;TBE;0;0;[];0;0;[];4.697741;0.625724;0.374215;1;1.3066768;
1;Comcast_mcf-TE-Comcast-background-0.1_0__-mcf;-mcf TE;MCF;TE;0;0;[];0;0;[];0.1;0.0;1.0;1;0.1210373;
1;Comcast_mcf-TE-Comcast-background-1.3_0__-mcf;-mcf TE;MCF;TE;0;0;[];0;0;[];1.3;0.161406;0.838594;1;1.5734849;
2;Comcast_semimcfraekeft-greylambda-Comcast-background-plus-flashcrowd-0.2_2__-semimcfraekeft;-semimcfraekeft greylambda;SEMIMCFRAEKEFT;greylambda;0;0;[];0;0;[];0.898142;0.0;0.999825;1;0.3266692;
1;Comcast_mcf-TBE-Comcast-background-plus-flashcrowd-1.2_0__-mcf;-mcf TBE;MCF;TBE;0;0;[];0;0;[];3.991889;0.624319;0.375681;1;1.9600152;
1;Comcast_semimcfraekeft-TE-Comcast-background-1.1_0__-semimcfraekeft;-semimcfraekeft TE;SEMIMCFRAEKEFT;TE;0;0;[];0;0;[];1.639924;0.303869;0.696005;1;1.3314103;
1;Comcast_mcf-TBE-Comcast-background-0.4_0__-mcf;-mcf TBE;MCF;TBE;0;0;[];0;0;[];0.5;0.0;1.0;1;0.4841492;
1;Comcast_mcf-TBE-Comcast-background-0.1_0__-mcf;-mcf TBE;MCF;TBE;0;0;[];0;0;[];0.125;0.0;1.0;1;0.1210373;
1;Comcast_mcf-TE-Comcast-background-1.0_0__-mcf;-mcf TE;MCF;TE;0;0;[];0;0;[];1.0;0.0;1.0;1;1.210373;
2;Comcast_semimcfraekeft-greylambda-Comcast-background-plus-flashcrowd-0.6_2__-semimcfraekeft;-semimcfraekeft greylambda;SEMIMCFRAEKEFT;greylambda;0;0;[];48;0;[];2.979146;0.455764;0.543982;1;0.9800076;
1;Comcast_mcf-TE-Comcast-background-plus-flashcrowd-0.5_0__-mcf;1;Comcast_semimcfraekeft-TE-Comcast-background-0.7_0__-semimcfraekeft;-semimcfraekeft TE;SEMIMCFRAEKEFT;TE;0;0;[];0;0;[];1.023379;0.010743;0.98912;1;0.8472610999999999;
1;Comcast_semimcfraekeft-TE-Comcast-background-plus-flashcrowd-1.5_0__-semimcfraekeft;-semimcfraekeft TE;SEMIMCFRAEKEFT;TE;0;0;[];0;0;[];6.918178;0.740532;0.259401;1;2.450019;
1;Comcast_mcf-TBE-Comcast-background-plus-flashcrowd-1.0_0__-mcf;1;Comcast_mcf-TE-Comcast-background-plus-flashcrowd-1.0_0__-mcf;1;Comcast_mcf-TBE-Comcast-background-plus-flashcrowd-0.7_0__-mcf;1;Comcast_mcf-TBE-Comcast-background-plus-flashcrowd-1.5_0__-mcf;-mcf TBE;MCF;TBE;0;0;[];0;0;[];4.989861;0.684142;0.315858;1;2.450019;
2;Comcast_semimcfraekeft-greylambda-Comcast-background-plus-flashcrowd-0.1_2__-semimcfraekeft;-semimcfraekeft greylambda;SEMIMCFRAEKEFT;greylambda;0;0;[];0;0;[];0.460165;0.0;0.999909;1;0.1633346;
1;Comcast_semimcfraekeft-TBE-Comcast-background-plus-flashcrowd-0.4_0__-semimcfraekeft;-semimcfraekeft TBE;SEMIMCFRAEKEFT;TBE;0;0;[];0;0;[];2.42549;0.335104;0.664815;1;0.6533384;
1;Comcast_mcf-TBE-Comcast-background-0.2_0__-mcf;-mcf TBE;MCF;TBE;0;0;[];0;0;[];0.25;0.0;1.0;1;0.2420746;
1;Comcast_semimcfraekeft-TBE-Comcast-background-1.5_0__-semimcfraekeft;-semimcfraekeft TBE;SEMIMCFRAEKEFT;TBE;0;0;[];0;0;[];2.700278;0.545914;0.453974;1;1.8155595;
1;Comcast_mcf-TE-Comcast-background-plus-flashcrowd-1.5_0__-mcf;1;Comcast_semimcfraekeft-TE-Comcast-background-plus-flashcrowd-0.6_0__-semimcfraekeft;-semimcfraekeft TE;SEMIMCFRAEKEFT;TE;0;0;[];0;0;[];2.88287;0.415966;0.583972;1;0.9800076;
1;Comcast_mcf-TE-Comcast-background-0.9_0__-mcf;-mcf TE;MCF;TE;0;0;[];0;0;[];0.9;0.0;1.0;1;1.0893357;
1;Comcast_mcf-greylambda-Comcast-background-plus-flashcrowd-0.7_2__-mcf;1;Comcast_semimcfraekeft-TE-Comcast-background-1.0_0__-semimcfraekeft;-semimcfraekeft TE;SEMIMCFRAEKEFT;TE;0;0;[];0;0;[];1.545527;0.251091;0.74873;1;1.210373;
1;Comcast_semimcfraekeft-TE-Comcast-background-plus-flashcrowd-1.2_0__-semimcfraekeft;-semimcfraekeft TE;SEMIMCFRAEKEFT;TE;0;0;[];0;0;[];5.558197;0.684088;0.315854;1;1.9600152;
1;Comcast_semimcfraekeft-TBE-Comcast-background-plus-flashcrowd-1.5_0__-semimcfraekeft;-semimcfraekeft TBE;SEMIMCFRAEKEFT;TBE;0;0;[];0;0;[];8.628553;0.792754;0.20718;1;2.450019;
1;Comcast_mcf-TE-Comcast-background-plus-flashcrowd-0.3_0__-mcf;-mcf TE;MCF;TE;0;0;[];0;0;[];0.798378;0.0;1.0;1;0.4900038;
1;Comcast_semimcfraekeft-TBE-Comcast-background-1.1_0__-semimcfraekeft;-semimcfraekeft TBE;SEMIMCFRAEKEFT;TBE;0;0;[];0;0;[];2.012982;0.411557;0.588405;1;1.3314103;
1;Comcast_mcf-TE-Comcast-background-plus-flashcrowd-1.2_0__-mcf;-mcf TE;MCF;TE;0;0;[];0;0;[];3.193511;0.54687;0.45313;1;1.9600152;
1;Comcast_semimcfraekeft-TBE-Comcast-background-0.4_0__-semimcfraekeft;-semimcfraekeft TBE;SEMIMCFRAEKEFT;TBE;0;0;[];0;0;[];0.765154;0.0;0.999978;1;0.4841492;
1;Comcast_mcf-TBE-Comcast-background-1.5_0__-mcf;-mcf TBE;MCF;TBE;0;0;[];0;0;[];1.875;0.371238;0.628762;1;1.8155595;
2;Comcast_semimcfraekeft-greylambda-Comcast-background-0.9_2__-semimcfraekeft;-semimcfraekeft greylambda;SEMIMCFRAEKEFT;greylambda;0;0;[];19;0;[];1.341659;0.133782;0.866153;1;1.0893357;
1;Comcast_mcf-TBE-Comcast-background-1.1_0__-mcf;-mcf TBE;MCF;TBE;0;0;[];0;0;[];1.375;0.195171;0.804829;1;1.3314103;
1;Comcast_mcf-TBE-Comcast-background-0.3_0__-mcf;-mcf TBE;MCF;TBE;0;0;[];0;0;[];0.375;0.0;1.0;1;0.3631119;
1;Comcast_mcf-greylambda-Comcast-background-plus-flashcrowd-1.4_2__-mcf;2;Comcast_semimcfraekeft-greylambda-Comcast-background-plus-flashcrowd-1.0_2__-semimcfraekeft;-semimcfraekeft greylambda;SEMIMCFRAEKEFT;greylambda;0;0;[];82;0;[];5.166991;0.614479;0.385406;1;1.633346;
1;Comcast_mcf-greylambda-Comcast-background-plus-flashcrowd-1.1_2__-mcf;1;Comcast_semimcfraekeft-TBE-Comcast-background-plus-flashcrowd-1.2_0__-semimcfraekeft;-semimcfraekeft TBE;SEMIMCFRAEKEFT;TBE;0;0;[];0;0;[];7.477301;0.751642;0.248284;1;1.9600152;
1;Comcast_mcf-greylambda-Comcast-background-0.2_2__-mcf;1;Comcast_semimcfraekeft-TBE-Comcast-background-0.6_0__-semimcfraekeft;-semimcfraekeft TBE;SEMIMCFRAEKEFT;TBE;0;0;[];0;0;[];1.14742;0.057357;0.942501;1;0.7262238;
1;Comcast_mcf-TE-Comcast-background-plus-flashcrowd-0.2_0__-mcf;-mcf TE;MCF;TE;0;0;[];0;0;[];0.532252;0.0;1.0;1;0.3266692;
2;Comcast_semimcfraekeft-greylambda-Comcast-background-0.3_2__-semimcfraekeft;-semimcfraekeft greylambda;SEMIMCFRAEKEFT;greylambda;0;0;[];0;0;[];0.425076;0.0;0.999982;1;0.3631119;
1;Comcast_mcf-TE-Comcast-background-0.6_0__-mcf;-mcf TE;MCF;TE;0;0;[];0;0;[];0.6;0.0;1.0;1;0.7262238;
1;Comcast_mcf-TBE-Comcast-background-plus-flashcrowd-0.2_0__-mcf;1;Comcast_semimcfraekeft-TE-Comcast-background-0.5_0__-semimcfraekeft;-semimcfraekeft TE;SEMIMCFRAEKEFT;TE;0;0;[];0;0;[];0.707585;0.0;0.999884;1;0.6051865;
1;Comcast_semimcfraekeft-TBE-Comcast-background-1.3_0__-semimcfraekeft;-semimcfraekeft TBE;SEMIMCFRAEKEFT;TBE;0;0;[];0;0;[];2.216209;0.490014;0.509885;1;1.5734849;
1;Comcast_semimcfraekeft-TBE-Comcast-background-0.2_0__-semimcfraekeft;-semimcfraekeft TBE;SEMIMCFRAEKEFT;TBE;0;0;[];0;0;[];0.371678;0.0;0.999866;1;0.2420746;
2;Comcast_semimcfraekeft-greylambda-Comcast-background-plus-flashcrowd-0.4_2__-semimcfraekeft;-semimcfraekeft greylambda;SEMIMCFRAEKEFT;greylambda;0;0;[];22;0;[];1.981809;0.27334;0.72632;1;0.6533384;
1;Comcast_mcf-greylambda-Comcast-background-plus-flashcrowd-0.8_2__-mcf;1;Comcast_mcf-greylambda-Comcast-background-0.1_2__-mcf;2;Comcast_mcf-greylambda-Comcast-background-1.0_2__-mcf;-mcf greylambda;MCF;greylambda;0;0;[];8;0;[];0.871232;0.0;1.0;1;1.210373;
1;Comcast_mcf-TE-Comcast-background-plus-flashcrowd-0.6_0__-mcf;-mcf TE;MCF;TE;0;0;[];0;0;[];1.596755;0.269985;0.730015;1;0.9800076;
2;Comcast_semimcfraekeft-greylambda-Comcast-background-plus-flashcrowd-0.9_2__-semimcfraekeft;-semimcfraekeft greylambda;SEMIMCFRAEKEFT;greylambda;0;0;[];76;0;[];4.455458;0.575534;0.424353;1;1.4700114;
2;Comcast_semimcfraekeft-greylambda-Comcast-background-plus-flashcrowd-0.7_2__-semimcfraekeft;-semimcfraekeft greylambda;SEMIMCFRAEKEFT;greylambda;0;0;[];0;0;[];3.376536;0.492892;0.507054;1;1.1433422;
1;Comcast_mcf-TE-Comcast-background-1.1_0__-mcf;-mcf TE;MCF;TE;0;0;[];0;0;[];nan;0.0;0.0;1;1.3314103;
1;Comcast_mcf-TBE-Comcast-background-plus-flashcrowd-0.3_0__-mcf;2;Comcast_semimcfraekeft-greylambda-Comcast-background-plus-flashcrowd-1.5_2__-semimcfraekeft;-semimcfraekeft greylambda;SEMIMCFRAEKEFT;greylambda;0;0;[];110;0;[];7.481415;0.732701;0.267172;1;2.450019;
1;Comcast_semimcfraekeft-TE-Comcast-background-0.8_0__-semimcfraekeft;-semimcfraekeft TE;SEMIMCFRAEKEFT;TE;0;0;[];0;0;[];1.157712;0.076962;0.922985;1;0.9682984;
1;Comcast_semimcfraekeft-TE-Comcast-background-1.2_0__-semimcfraekeft;-semimcfraekeft TE;SEMIMCFRAEKEFT;TE;0;0;[];0;0;[];1.750359;0.348752;0.651092;1;1.4524476;
1;Comcast_mcf-TE-Comcast-background-0.3_0__-mcf;-mcf TE;MCF;TE;0;0;[];0;0;[];0.3;0.0;1.0;1;0.3631119;
1;Comcast_mcf-greylambda-Comcast-background-plus-flashcrowd-1.2_2__-mcf;1;Comcast_semimcfraekeft-TE-Comcast-background-plus-flashcrowd-0.5_0__-semimcfraekeft;-semimcfraekeft TE;SEMIMCFRAEKEFT;TE;0;0;[];0;0;[];2.405517;0.334638;0.665254;1;0.816673;
1;Comcast_mcf-TBE-Comcast-background-0.7_0__-mcf;-mcf TBE;MCF;TBE;0;0;[];0;0;[];0.875;0.0;1.0;1;0.8472610999999999;
1;Comcast_semimcfraekeft-TE-Comcast-background-plus-flashcrowd-0.8_0__-semimcfraekeft;-semimcfraekeft TE;SEMIMCFRAEKEFT;TE;0;0;[];0;0;[];3.691942;0.550452;0.449482;1;1.3066768;
1;Comcast_semimcfraekeft-TE-Comcast-background-plus-flashcrowd-1.0_0__-semimcfraekeft;-semimcfraekeft TE;SEMIMCFRAEKEFT;TE;0;0;[];0;0;[];4.515357;0.617788;0.382169;1;1.633346;
1;Comcast_semimcfraekeft-TE-Comcast-background-0.9_0__-semimcfraekeft;-semimcfraekeft TE;SEMIMCFRAEKEFT;TE;0;0;[];0;0;[];1.409236;0.118576;0.881395;1;1.0893357;
1;Comcast_semimcfraekeft-TBE-Comcast-background-0.7_0__-semimcfraekeft;-semimcfraekeft TBE;SEMIMCFRAEKEFT;TBE;0;0;[];0;0;[];1.344775;0.152723;0.847224;1;0.8472610999999999;
2;Comcast_semimcfraekeft-greylambda-Comcast-background-0.4_2__-semimcfraekeft;-semimcfraekeft greylambda;SEMIMCFRAEKEFT;greylambda;0;0;[];0;0;[];0.621473;0.0;0.999979;1;0.4841492;
1;Comcast_mcf-greylambda-Comcast-background-plus-flashcrowd-0.9_2__-mcf;2;Comcast_semimcfraekeft-greylambda-Comcast-background-plus-flashcrowd-0.8_2__-semimcfraekeft;-semimcfraekeft greylambda;SEMIMCFRAEKEFT;greylambda;0;0;[];69;0;[];3.973821;0.554409;0.445415;1;1.3066768;
1;Comcast_semimcfraekeft-TBE-Comcast-background-plus-flashcrowd-0.7_0__-semimcfraekeft;-semimcfraekeft TBE;SEMIMCFRAEKEFT;TBE;0;0;[];0;0;[];4.295989;0.57965;0.42029;1;1.1433422;
1;Comcast_semimcfraekeft-TE-Comcast-background-0.4_0__-semimcfraekeft;-semimcfraekeft TE;SEMIMCFRAEKEFT;TE;0;0;[];0;0;[];0.616704;0.0;0.999825;1;0.4841492;
2;Comcast_semimcfraekeft-greylambda-Comcast-background-0.6_2__-semimcfraekeft;-semimcfraekeft greylambda;SEMIMCFRAEKEFT;greylambda;0;0;[];0;0;[];0.854287;0.0;0.99998;1;0.7262238;
1;Comcast_mcf-TBE-Comcast-background-0.5_0__-mcf;1;Comcast_mcf-TE-Comcast-background-plus-flashcrowd-1.4_0__-mcf;1;Comcast_semimcfraekeft-TBE-Comcast-background-0.8_0__-semimcfraekeft;-semimcfraekeft TBE;SEMIMCFRAEKEFT;TBE;0;0;[];0;0;[];1.427891;0.217063;0.782861;1;0.9682984;
1;Comcast_mcf-greylambda-Comcast-background-0.3_2__-mcf;2;Comcast_semimcfraekeft-greylambda-Comcast-background-0.8_2__-semimcfraekeft;-semimcfraekeft greylambda;SEMIMCFRAEKEFT;greylambda;0;0;[];13;0;[];1.607002;0.164314;0.835529;1;0.9682984;
1;Comcast_semimcfraekeft-TBE-Comcast-background-plus-flashcrowd-1.4_0__-semimcfraekeft;-semimcfraekeft TBE;SEMIMCFRAEKEFT;TBE;0;0;[];0;0;[];8.204769;0.774501;0.225452;1;2.2866844;
1;Comcast_mcf-TE-Comcast-background-0.5_0__-mcf;-mcf TE;MCF;TE;0;0;[];0;0;[];0.5;0.0;1.0;1;0.6051865;
1;Comcast_mcf-TBE-Comcast-background-1.2_0__-mcf;-mcf TBE;MCF;TBE;0;0;[];0;0;[];1.5;0.247508;0.752492;1;1.4524476;
1;Comcast_mcf-greylambda-Comcast-background-0.8_2__-mcf;2;Comcast_semimcfraekeft-greylambda-Comcast-background-plus-flashcrowd-0.3_2__-semimcfraekeft;-semimcfraekeft greylambda;SEMIMCFRAEKEFT;greylambda;0;0;[];0;0;[];1.384402;0.13198;0.867952;1;0.4900038;
1;Comcast_mcf-greylambda-Comcast-background-plus-flashcrowd-0.5_2__-mcf;1;Comcast_semimcfraekeft-TBE-Comcast-background-plus-flashcrowd-0.5_0__-semimcfraekeft;-semimcfraekeft TBE;SEMIMCFRAEKEFT;TBE;0;0;[];0;0;[];2.840543;0.436572;0.563381;1;0.816673;
1;Comcast_semimcfraekeft-TE-Comcast-background-plus-flashcrowd-0.4_0__-semimcfraekeft;-semimcfraekeft TE;SEMIMCFRAEKEFT;TE;0;0;[];0;0;[];1.899457;0.241114;0.758782;1;0.6533384;
1;Comcast_mcf-TBE-Comcast-background-plus-flashcrowd-0.1_0__-mcf;-mcf TBE;MCF;TBE;0;0;[];0;0;[];nan;0.0;0.0;1;0.1633346;
1;Comcast_semimcfraekeft-TBE-Comcast-background-plus-flashcrowd-0.6_0__-semimcfraekeft;-semimcfraekeft TBE;SEMIMCFRAEKEFT;TBE;0;0;[];0;0;[];3.471546;0.508396;0.491529;1;0.9800076;
1;Comcast_semimcfraekeft-TE-Comcast-background-1.3_0__-semimcfraekeft;-semimcfraekeft TE;SEMIMCFRAEKEFT;TE;0;0;[];0;0;[];1.772857;0.373322;0.626622;1;1.5734849;
2;Comcast_semimcfraekeft-greylambda-Comcast-background-1.4_2__-semimcfraekeft;-semimcfraekeft greylambda;SEMIMCFRAEKEFT;greylambda;0;0;[];61;0;[];2.330976;0.45229;0.547507;1;1.6945221999999998;
2;Comcast_semimcfraekeft-greylambda-Comcast-background-1.0_2__-semimcfraekeft;-semimcfraekeft greylambda;SEMIMCFRAEKEFT;greylambda;0;0;[];0;0;[];1.397444;0.178506;0.821426;1;1.210373;
2;Comcast_semimcfraekeft-greylambda-Comcast-background-1.5_2__-semimcfraekeft;-semimcfraekeft greylambda;SEMIMCFRAEKEFT;greylambda;0;0;[];0;0;[];2.123698;0.448497;0.551429;1;1.8155595;
2;Comcast_semimcfraekeft-greylambda-Comcast-background-plus-flashcrowd-1.2_2__-semimcfraekeft;-semimcfraekeft greylambda;SEMIMCFRAEKEFT;greylambda;0;0;[];0;0;[];5.508727;0.689427;0.310501;1;1.9600152;
1;Comcast_mcf-greylambda-Comcast-background-plus-flashcrowd-1.3_2__-mcf;1;Comcast_mcf-greylambda-Comcast-background-0.4_2__-mcf;2;Comcast_mcf-greylambda-Comcast-background-plus-flashcrowd-0.2_2__-mcf;-mcf greylambda;MCF;greylambda;0;0;[];0;0;[];0.532252;0.0;1.0;1;0.3266692;
2;Comcast_semimcfraekeft-greylambda-Comcast-background-plus-flashcrowd-1.4_2__-semimcfraekeft;-semimcfraekeft greylambda;SEMIMCFRAEKEFT;greylambda;0;0;[];101;0;[];6.963144;0.712152;0.287703;1;2.2866844;
1;Comcast_semimcfraekeft-TBE-Comcast-background-plus-flashcrowd-1.1_0__-semimcfraekeft;-semimcfraekeft TBE;SEMIMCFRAEKEFT;TBE;0;0;[];0;0;[];6.462294;0.717896;0.282072;1;1.7966806000000002;
1;Comcast_mcf-TE-Comcast-background-1.2_0__-mcf;-mcf TE;MCF;TE;0;0;[];0;0;[];1.2;0.122698;0.877302;1;1.4524476;
1;Comcast_mcf-greylambda-Comcast-background-plus-flashcrowd-0.1_2__-mcf;1;Comcast_semimcfraekeft-TBE-Comcast-background-plus-flashcrowd-0.3_0__-semimcfraekeft;-semimcfraekeft TBE;SEMIMCFRAEKEFT;TBE;0;0;[];0;0;[];1.724801;0.212524;0.787422;1;0.4900038;
1;Comcast_mcf-TE-Comcast-background-0.8_0__-mcf;-mcf TE;MCF;TE;0;0;[];0;0;[];0.8;0.0;1.0;1;0.9682984;
1;Comcast_semimcfraekeft-TBE-Comcast-background-0.1_0__-semimcfraekeft;-semimcfraekeft TBE;SEMIMCFRAEKEFT;TBE;0;0;[];0;0;[];0.171519;0.0;0.999975;1;0.1210373;
1;Comcast_mcf-greylambda-Comcast-background-1.1_2__-mcf;1;Comcast_mcf-TBE-Comcast-background-1.4_0__-mcf;-mcf TBE;MCF;TBE;0;0;[];0;0;[];1.75;0.335102;0.664898;1;1.6945221999999998;
1;Comcast_mcf-TE-Comcast-background-plus-flashcrowd-0.1_0__-mcf;-mcf TE;MCF;TE;0;0;[];0;0;[];0.266126;0.0;1.0;1;0.1633346;
1;Comcast_mcf-greylambda-Comcast-background-plus-flashcrowd-1.5_2__-mcf;1;Comcast_mcf-TE-Comcast-background-plus-flashcrowd-1.1_0__-mcf;-mcf TE;MCF;TE;0;0;[];0;0;[];2.927385;0.514067;0.485933;1;1.7966806000000002;
1;Comcast_semimcfraekeft-TE-Comcast-background-plus-flashcrowd-0.3_0__-semimcfraekeft;-semimcfraekeft TE;SEMIMCFRAEKEFT;TE;0;0;[];0;0;[];1.459844;0.151116;0.848755;1;0.4900038;
1;Comcast_mcf-TBE-Comcast-background-plus-flashcrowd-0.8_0__-mcf;-mcf TBE;MCF;TBE;0;0;[];0;0;[];2.661259;0.476173;0.523827;1;1.3066768;
1;Comcast_mcf-TBE-Comcast-background-plus-flashcrowd-1.4_0__-mcf;-mcf TBE;MCF;TBE;0;0;[];0;0;[];4.657203;0.66643;0.33357;1;2.2866844;
2;Comcast_semimcfraekeft-greylambda-Comcast-background-0.2_2__-semimcfraekeft;-semimcfraekeft greylambda;SEMIMCFRAEKEFT;greylambda;0;0;[];0;0;[];0.303092;0.0;0.999851;1;0.2420746;
1;Comcast_mcf-greylambda-Comcast-background-0.5_2__-mcf;1;Comcast_semimcfraekeft-TBE-Comcast-background-0.5_0__-semimcfraekeft;-semimcfraekeft TBE;SEMIMCFRAEKEFT;TBE;0;0;[];0;0;[];0.941521;0.0;0.999872;1;0.6051865;
2;Comcast_mcf-greylambda-Comcast-background-0.7_2__-mcf;-mcf greylambda;MCF;greylambda;0;0;[];0;0;[];0.7;0.0;1.0;1;0.8472610999999999;
2;Comcast_semimcfraekeft-greylambda-Comcast-background-0.1_2__-semimcfraekeft;-semimcfraekeft greylambda;SEMIMCFRAEKEFT;greylambda;0;0;[];0;0;[];0.143361;0.0;0.999833;1;0.1210373;
1;Comcast_semimcfraekeft-TE-Comcast-background-plus-flashcrowd-0.7_0__-semimcfraekeft;-semimcfraekeft TE;SEMIMCFRAEKEFT;TE;0;0;[];0;0;[];3.245155;0.487882;0.512058;1;1.1433422;
1;Comcast_semimcfraekeft-TBE-Comcast-background-1.0_0__-semimcfraekeft;-semimcfraekeft TBE;SEMIMCFRAEKEFT;TBE;0;0;[];0;0;[];1.793422;0.317856;0.682123;1;1.210373;
1;Comcast_semimcfraekeft-TE-Comcast-background-plus-flashcrowd-0.2_0__-semimcfraekeft;-semimcfraekeft TE;SEMIMCFRAEKEFT;TE;0;0;[];0;0;[];0.980851;0.0;0.999844;1;0.3266692;
1;Comcast_mcf-TE-Comcast-background-plus-flashcrowd-0.4_0__-mcf;-mcf TE;MCF;TE;0;0;[];0;0;[];nan;0.0;0.0;1;0.6533384;
2;Comcast_mcf-greylambda-Comcast-background-1.4_2__-mcf;-mcf greylambda;MCF;greylambda;0;0;[];39;0;[];0.789229;0.0;1.0;1;1.6945221999999998;
1;Comcast_semimcfraekeft-TE-Comcast-background-plus-flashcrowd-1.4_0__-semimcfraekeft;-semimcfraekeft TE;SEMIMCFRAEKEFT;TE;0;0;[];0;0;[];6.043199;0.715326;0.284637;1;2.2866844;
1;Comcast_semimcfraekeft-TE-Comcast-background-0.6_0__-semimcfraekeft;-semimcfraekeft TE;SEMIMCFRAEKEFT;TE;0;0;[];0;0;[];0.878422;0.0;0.999845;1;0.7262238;
1;Comcast_mcf-TE-Comcast-background-1.5_0__-mcf;1;Comcast_semimcfraekeft-TBE-Comcast-background-plus-flashcrowd-1.0_0__-semimcfraekeft;-semimcfraekeft TBE;SEMIMCFRAEKEFT;TBE;0;0;[];0;0;[];6.436551;0.699184;0.300773;1;1.633346;
1;Comcast_mcf-TBE-Comcast-background-0.8_0__-mcf;1;Comcast_semimcfraekeft-TBE-Comcast-background-0.9_0__-semimcfraekeft;-semimcfraekeft TBE;SEMIMCFRAEKEFT;TBE;0;0;[];0;0;[];1.592106;0.251888;0.748096;1;1.0893357;
1;Comcast_semimcfraekeft-TBE-Comcast-background-plus-flashcrowd-1.3_0__-semimcfraekeft;-semimcfraekeft TBE;SEMIMCFRAEKEFT;TBE;0;0;[];0;0;[];7.712574;0.758894;0.241049;1;2.1233498;
1;Comcast_mcf-TE-Comcast-background-1.4_0__-mcf;2;Comcast_semimcfraekeft-greylambda-Comcast-background-1.2_2__-semimcfraekeft;-semimcfraekeft greylambda;SEMIMCFRAEKEFT;greylambda;0;0;[];51;0;[];1.949143;0.342558;0.657375;1;1.4524476;
1;Comcast_mcf-TBE-Comcast-background-plus-flashcrowd-0.6_0__-mcf;-mcf TBE;MCF;TBE;0;0;[];0;0;[];1.995944;0.371526;0.628474;1;0.9800076;
1;Comcast_mcf-greylambda-Comcast-background-plus-flashcrowd-0.3_2__-mcf;1;Comcast_mcf-TBE-Comcast-background-0.6_0__-mcf;-mcf TBE;MCF;TBE;0;0;[];0;0;[];0.75;0.0;1.0;1;0.7262238;
1;Comcast_mcf-TBE-Comcast-background-1.3_0__-mcf;-mcf TBE;MCF;TBE;0;0;[];0;0;[];1.625;0.29301;0.70699;1;1.5734849;
1;Comcast_semimcfraekeft-TBE-Comcast-background-1.2_0__-semimcfraekeft;-semimcfraekeft TBE;SEMIMCFRAEKEFT;TBE;0;0;[];0;0;[];2.199206;0.463415;0.536532;1;1.4524476;
1;Comcast_semimcfraekeft-TBE-Comcast-background-plus-flashcrowd-0.9_0__-semimcfraekeft;-semimcfraekeft TBE;SEMIMCFRAEKEFT;TBE;0;0;[];0;0;[];5.294045;0.671313;0.328604;1;1.4700114;
1;Comcast_mcf-greylambda-Comcast-background-0.9_2__-mcf;1;Comcast_mcf-TBE-Comcast-background-0.9_0__-mcf;-mcf TBE;MCF;TBE;0;0;[];0;0;[];1.125;0.081318;0.918682;1;1.0893357;
1;Comcast_mcf-greylambda-Comcast-background-0.6_2__-mcf;2;Comcast_semimcfraekeft-greylambda-Comcast-background-plus-flashcrowd-1.1_2__-semimcfraekeft;-semimcfraekeft greylambda;SEMIMCFRAEKEFT;greylambda;0;0;[];87;0;[];5.478901;0.655947;0.343833;1;1.7966806000000002;
1;Comcast_mcf-TBE-Comcast-background-plus-flashcrowd-0.9_0__-mcf;1;Comcast_semimcfraekeft-TBE-Comcast-background-plus-flashcrowd-0.2_0__-semimcfraekeft;-semimcfraekeft TBE;SEMIMCFRAEKEFT;TBE;0;0;[];0;0;[];1.146907;0.053061;0.946887;1;0.3266692;
1;Comcast_semimcfraekeft-TE-Comcast-background-1.5_0__-semimcfraekeft;-semimcfraekeft TE;SEMIMCFRAEKEFT;TE;0;0;[];0;0;[];2.199305;0.46662;0.533322;1;1.8155595;
1;Comcast_mcf-TE-Comcast-background-plus-flashcrowd-0.7_0__-mcf;2;Comcast_semimcfraekeft-greylambda-Comcast-background-1.1_2__-semimcfraekeft;-semimcfraekeft greylambda;SEMIMCFRAEKEFT;greylambda;0;0;[];43;0;[];1.666084;0.231773;0.768134;1;1.3314103;
1;Comcast_semimcfraekeft-TBE-Comcast-background-plus-flashcrowd-0.1_0__-semimcfraekeft;-semimcfraekeft TBE;SEMIMCFRAEKEFT;TBE;0;0;[];0;0;[];0.571379;0.0;0.999931;1;0.1633346;
2;Comcast_semimcfraekeft-greylambda-Comcast-background-plus-flashcrowd-1.3_2__-semimcfraekeft;-semimcfraekeft greylambda;SEMIMCFRAEKEFT;greylambda;0;0;[];0;0;[];6.055103;0.707353;0.292579;1;2.1233498;
2;Comcast_mcf-greylambda-Comcast-background-1.3_2__-mcf;-mcf greylambda;MCF;greylambda;0;0;[];34;0;[];0.764119;0.0;1.0;1;1.5734849;
1;Comcast_semimcfraekeft-TE-Comcast-background-0.3_0__-semimcfraekeft;-semimcfraekeft TE;SEMIMCFRAEKEFT;TE;0;0;[];0;0;[];0.443067;0.0;0.999974;1;0.3631119;
1;Comcast_mcf-greylambda-Comcast-background-plus-flashcrowd-1.0_2__-mcf;1;Comcast_mcf-TE-Comcast-background-0.2_0__-mcf;-mcf TE;MCF;TE;0;0;[];0;0;[];0.2;0.0;1.0;1;0.2420746;
1;Comcast_semimcfraekeft-TE-Comcast-background-0.1_0__-semimcfraekeft;-semimcfraekeft TE;SEMIMCFRAEKEFT;TE;0;0;[];0;0;[];0.153941;0.0;0.999901;1;0.1210373;
1;Comcast_mcf-TBE-Comcast-background-plus-flashcrowd-1.1_0__-mcf;-mcf TBE;MCF;TBE;0;0;[];0;0;[];3.659231;0.596644;0.403356;1;1.7966806000000002;
1;Comcast_mcf-TE-Comcast-background-plus-flashcrowd-0.9_0__-mcf;1;Comcast_mcf-TE-Comcast-background-0.4_0__-mcf;-mcf TE;MCF;TE;0;0;[];0;0;[];0.4;0.0;1.0;1;0.4841492;
1;Comcast_semimcfraekeft-TBE-Comcast-background-1.4_0__-semimcfraekeft;-semimcfraekeft TBE;SEMIMCFRAEKEFT;TBE;0;0;[];0;0;[];2.724269;0.502277;0.497636;1;1.6945221999999998;
1;Comcast_mcf-greylambda-Comcast-background-1.5_2__-mcf;2;Comcast_semimcfraekeft-greylambda-Comcast-background-0.5_2__-semimcfraekeft;-semimcfraekeft greylambda;SEMIMCFRAEKEFT;greylambda;0;0;[];0;0;[];0.736264;0.0;0.999958;1;0.6051865;
1;Comcast_mcf-TE-Comcast-background-plus-flashcrowd-1.3_0__-mcf;-mcf TE;MCF;TE;0;0;[];0;0;[];3.459637;0.573185;0.426815;1;2.1233498;
1;Comcast_semimcfraekeft-TE-Comcast-background-plus-flashcrowd-0.1_0__-semimcfraekeft;-semimcfraekeft TE;SEMIMCFRAEKEFT;TE;0;0;[];0;0;[];0.434525;0.0;0.999947;1;0.1633346;
1;Comcast_semimcfraekeft-TE-Comcast-background-plus-flashcrowd-1.3_0__-semimcfraekeft;-semimcfraekeft TE;SEMIMCFRAEKEFT;TE;0;0;[];0;0;[];6.021217;0.698717;0.301211;1;2.1233498;
2;Comcast_semimcfraekeft-greylambda-Comcast-background-0.7_2__-semimcfraekeft;-semimcfraekeft greylambda;SEMIMCFRAEKEFT;greylambda;0;0;[];0;0;[];1.062196;0.026556;0.973369;1;0.8472610999999999;
